review_date,week,source,total_candidates,valid,true_breakout,breakout_low_vol,attempted,holding,false_signal,no_data,hit_rate_strict_%,hit_rate_loose_%,data_error
2026-05-18,1,MPD,67,67,22,10,25,0,10,0,32.8,47.8,
2026-05-18,1,Screener,45,45,13,5,20,1,6,0,28.9,40.0,
2026-05-26,1,MPD,67,65,32,10,15,1,7,2,49.2,64.6,
2026-05-26,1,Screener,45,45,18,6,18,0,3,0,40.0,53.3,
2026-05-26,2,MPD,47,46,23,15,7,0,1,1,50.0,82.6,
2026-05-26,2,Screener,34,34,15,13,6,0,0,0,44.1,82.4,
2026-06-01,1,MPD,67,67,38,9,12,0,8,0,56.7,70.1,
2026-06-01,1,Screener,45,45,23,5,14,0,3,0,51.1,62.2,
2026-06-01,2,MPD,47,47,29,12,5,0,1,0,61.7,87.2,
2026-06-01,2,Screener,34,34,20,11,3,0,0,0,58.8,91.2,
2026-06-01,3,MPD,63,63,18,12,25,0,8,0,28.6,47.6,
2026-06-01,3,Screener,36,36,12,7,12,1,4,0,33.3,52.8,
2026-06-10,1,MPD,67,67,42,8,10,0,7,0,62.7,74.6,
2026-06-10,1,Screener,45,45,24,7,12,0,2,0,53.3,68.9,
2026-06-10,2,MPD,47,47,33,9,5,0,0,0,70.2,89.4,
2026-06-10,2,Screener,34,34,24,8,2,0,0,0,70.6,94.1,
2026-06-10,3,MPD,63,63,29,12,16,0,6,0,46.0,65.1,
2026-06-10,3,Screener,36,36,20,4,9,0,3,0,55.6,66.7,
2026-06-10,4,MPD,49,49,19,22,5,1,2,0,38.8,83.7,
2026-06-10,4,Screener,22,22,11,7,2,0,2,0,50.0,81.8,
2026-06-16,1,MPD,67,66,46,5,9,0,6,1,69.7,77.3,
2026-06-16,1,Screener,45,45,30,4,9,0,2,0,66.7,75.6,
2026-06-16,2,MPD,47,46,32,10,4,0,0,1,69.6,91.3,
2026-06-16,2,Screener,34,34,25,8,1,0,0,0,73.5,97.1,
2026-06-16,3,MPD,63,61,37,8,13,0,3,2,60.7,73.8,
2026-06-16,3,Screener,36,36,24,4,8,0,0,0,66.7,77.8,
2026-06-16,4,MPD,49,49,28,16,3,2,0,0,57.1,89.8,
2026-06-16,4,Screener,22,22,16,5,1,0,0,0,72.7,95.5,
2026-06-16,5,MPD,59,59,27,14,14,0,4,0,45.8,69.5,
2026-06-16,5,Screener,28,28,13,9,4,0,2,0,46.4,78.6,
2026-06-23,1,MPD,67,67,48,5,10,0,4,0,71.6,79.1,
2026-06-23,1,Screener,45,45,33,2,8,0,2,0,73.3,77.8,
2026-06-23,2,MPD,47,47,36,7,4,0,0,0,76.6,91.5,
2026-06-23,2,Screener,34,34,28,5,1,0,0,0,82.4,97.1,
2026-06-23,3,MPD,63,63,45,7,8,0,3,0,71.4,82.5,
2026-06-23,3,Screener,36,36,27,5,4,0,0,0,75.0,88.9,
2026-06-23,4,MPD,49,49,38,8,2,1,0,0,77.6,93.9,
2026-06-23,4,Screener,22,22,16,6,0,0,0,0,72.7,100.0,
2026-06-23,5,MPD,59,59,46,7,6,0,0,0,78.0,89.8,
2026-06-23,5,Screener,28,28,18,7,3,0,0,0,64.3,89.3,
2026-06-29,1,MPD,67,67,50,4,9,0,4,0,74.6,80.6,
2026-06-29,1,Screener,45,45,33,2,8,0,2,0,73.3,77.8,
2026-06-29,2,MPD,47,47,37,6,4,0,0,0,78.7,91.5,
2026-06-29,2,Screener,34,34,30,3,1,0,0,0,88.2,97.1,
2026-06-29,3,MPD,63,63,43,8,8,0,4,0,68.3,81.0,
2026-06-29,3,Screener,36,36,28,4,4,0,0,0,77.8,88.9,
2026-06-29,4,MPD,49,49,41,6,1,0,1,0,83.7,95.9,
2026-06-29,4,Screener,22,22,17,5,0,0,0,0,77.3,100.0,
2026-06-29,5,MPD,59,59,49,6,4,0,0,0,83.1,93.2,
2026-06-29,5,Screener,28,28,20,6,2,0,0,0,71.4,92.9,
2026-06-29,7,MPD,92,92,12,32,33,1,14,0,13.0,47.8,
2026-06-29,7,Screener,38,38,6,18,12,0,2,0,15.8,63.2,
2026-07-03,1,MPD,67,67,52,3,9,0,3,0,77.6,82.1,
2026-07-03,1,Screener,45,45,35,1,7,0,2,0,77.8,80.0,
2026-07-03,2,MPD,47,47,37,6,4,0,0,0,78.7,91.5,
2026-07-03,2,Screener,34,34,30,3,1,0,0,0,88.2,97.1,
2026-07-03,3,MPD,63,63,48,4,7,0,4,0,76.2,82.5,
2026-07-03,3,Screener,36,36,31,1,4,0,0,0,86.1,88.9,
2026-07-03,4,MPD,49,49,44,4,0,1,0,0,89.8,98.0,
2026-07-03,4,Screener,22,22,20,2,0,0,0,0,90.9,100.0,
2026-07-03,5,MPD,59,59,54,1,3,0,1,0,91.5,93.2,
2026-07-03,5,Screener,28,28,23,3,2,0,0,0,82.1,92.9,
2026-07-03,7,MPD,92,92,30,24,23,2,13,0,32.6,58.7,
2026-07-03,7,Screener,38,38,15,11,9,0,3,0,39.5,68.4,
2026-07-03,1,MPD,67,67,52,3,9,0,3,0,77.6,82.1,0.0
2026-07-03,1,Screener,45,45,35,1,7,0,2,0,77.8,80.0,0.0
2026-07-03,2,MPD,47,47,37,6,4,0,0,0,78.7,91.5,0.0
2026-07-03,2,Screener,34,34,30,3,1,0,0,0,88.2,97.1,0.0
2026-07-03,3,MPD,63,62,48,4,7,0,3,0,77.4,83.9,1.0
2026-07-03,3,Screener,36,36,31,1,4,0,0,0,86.1,88.9,0.0
2026-07-03,4,MPD,49,49,44,4,0,1,0,0,89.8,98.0,0.0
2026-07-03,4,Screener,22,22,20,2,0,0,0,0,90.9,100.0,0.0
2026-07-03,5,MPD,59,58,54,1,3,0,0,0,93.1,94.8,1.0
2026-07-03,5,Screener,28,28,23,3,2,0,0,0,82.1,92.9,0.0
2026-07-03,7,MPD,92,89,30,24,23,2,10,0,33.7,60.7,3.0
2026-07-03,7,Screener,38,37,15,11,9,0,2,0,40.5,70.3,1.0
2026-07-15,1,MPD,67,63,52,2,6,0,3,4,82.5,85.7,0.0
2026-07-15,1,Screener,45,43,35,1,5,0,2,2,81.4,83.7,0.0
2026-07-15,2,MPD,47,44,37,3,4,0,0,3,84.1,90.9,0.0
2026-07-15,2,Screener,34,31,30,0,1,0,0,3,96.8,96.8,0.0
2026-07-15,3,MPD,63,59,49,0,7,1,2,4,83.1,83.1,0.0
2026-07-15,3,Screener,36,35,31,0,4,0,0,1,88.6,88.6,0.0
2026-07-15,4,MPD,49,46,43,2,0,0,1,3,93.5,97.8,0.0
2026-07-15,4,Screener,22,20,20,0,0,0,0,2,100.0,100.0,0.0
2026-07-15,5,MPD,59,55,52,1,2,0,0,4,94.5,96.4,0.0
2026-07-15,5,Screener,28,25,23,1,1,0,0,3,92.0,96.0,0.0
2026-07-15,7,MPD,92,83,46,16,10,2,9,8,55.4,74.7,1.0
2026-07-15,7,Screener,38,35,24,5,4,0,2,2,68.6,82.9,1.0
2026-07-15,8,MPD,84,79,36,26,10,1,6,5,45.6,78.5,0.0
2026-07-15,8,Screener,38,32,20,10,1,0,1,6,62.5,93.8,0.0
2026-07-15,9,MPD,82,76,37,19,14,1,5,6,48.7,73.7,0.0
2026-07-15,9,Screener,39,35,18,10,3,1,3,4,51.4,80.0,0.0
2026-07-15,10,MPD,83,76,15,35,19,3,4,7,19.7,65.8,0.0
2026-07-15,10,Screener,41,37,5,19,7,3,3,4,13.5,64.9,0.0
2026-07-21,1,MPD,67,67,56,3,5,0,3,0,83.6,88.1,0.0
2026-07-21,1,Screener,45,45,36,1,6,0,2,0,80.0,82.2,0.0
2026-07-21,2,MPD,47,47,40,3,4,0,0,0,85.1,91.5,0.0
2026-07-21,2,Screener,34,34,32,1,1,0,0,0,94.1,97.1,0.0
2026-07-21,3,MPD,63,62,54,0,8,0,0,0,87.1,87.1,1.0
2026-07-21,3,Screener,36,36,32,0,4,0,0,0,88.9,88.9,0.0
2026-07-21,4,MPD,49,49,47,1,0,1,0,0,95.9,98.0,0.0
2026-07-21,4,Screener,22,22,22,0,0,0,0,0,100.0,100.0,0.0
2026-07-21,5,MPD,59,58,55,1,2,0,0,0,94.8,96.6,1.0
2026-07-21,5,Screener,28,28,26,1,1,0,0,0,92.9,96.4,0.0
2026-07-21,7,MPD,92,89,55,14,10,0,10,0,61.8,77.5,3.0
2026-07-21,7,Screener,38,36,24,6,5,0,1,0,66.7,83.3,2.0
2026-07-21,8,MPD,84,83,48,20,7,1,7,0,57.8,81.9,1.0
2026-07-21,8,Screener,38,37,27,7,1,0,2,0,73.0,91.9,1.0
2026-07-21,9,MPD,82,82,47,17,13,0,5,0,57.3,78.0,0.0
2026-07-21,9,Screener,39,38,20,11,3,0,4,0,52.6,81.6,1.0
2026-07-21,10,MPD,83,83,13,31,23,1,15,0,15.7,53.0,0.0
2026-07-21,10,Screener,41,40,8,13,12,1,6,0,20.0,52.5,1.0
2026-07-21,11,MPD,96,96,19,38,24,15,0,0,19.8,59.4,0.0
2026-07-21,11,Screener,60,60,12,24,15,9,0,0,20.0,60.0,0.0
2026-08-03,1,MPD,67,67,26,20,3,0,18,0,38.8,68.7,0.0
2026-08-03,1,Screener,45,45,16,14,0,0,15,0,35.6,66.7,0.0
2026-08-03,2,MPD,47,47,18,19,0,0,10,0,38.3,78.7,0.0
2026-08-03,2,Screener,34,34,15,16,0,0,3,0,44.1,91.2,0.0
2026-08-03,3,MPD,63,62,25,23,4,0,10,0,40.3,77.4,1.0
2026-08-03,3,Screener,36,36,14,15,1,0,6,0,38.9,80.6,0.0
2026-08-03,4,MPD,49,49,23,22,0,0,4,0,46.9,91.8,0.0
2026-08-03,4,Screener,22,22,12,8,0,0,2,0,54.5,90.9,0.0
2026-08-03,5,MPD,59,58,24,22,7,1,4,0,41.4,79.3,1.0
2026-08-03,5,Screener,28,28,8,14,2,0,4,0,28.6,78.6,0.0
2026-08-03,7,MPD,92,89,28,26,7,3,25,0,31.5,60.7,3.0
2026-08-03,7,Screener,38,36,17,6,3,1,9,0,47.2,63.9,2.0
2026-08-03,8,MPD,84,83,23,33,6,2,19,0,27.7,67.5,1.0
2026-08-03,8,Screener,38,37,11,18,0,1,7,0,29.7,78.4,1.0
2026-08-03,9,MPD,82,81,23,26,13,1,18,0,28.4,60.5,1.0
2026-08-03,9,Screener,39,38,9,14,3,0,12,0,23.7,60.5,1.0
2026-08-03,10,MPD,83,82,20,23,17,1,21,1,24.4,52.4,0.0
2026-08-03,10,Screener,41,40,9,10,8,1,12,0,22.5,47.5,1.0
2026-08-03,11,MPD,96,96,23,24,23,1,25,0,24.0,49.0,0.0
2026-08-03,11,Screener,60,60,13,15,11,0,21,0,21.7,46.7,0.0
2026-08-03,12,MPD,87,87,17,25,27,4,14,0,19.5,48.3,0.0
2026-08-03,12,Screener,50,50,9,17,12,3,9,0,18.0,52.0,0.0
2026-08-03,13,MPD,66,66,29,28,3,0,6,0,43.9,86.4,0.0
2026-08-19,1,MPD,67,67,42,7,5,0,13,0,62.7,73.1,0.0
2026-08-19,1,Screener,45,45,28,4,3,0,10,0,62.2,71.1,0.0
2026-08-19,2,MPD,47,47,30,7,0,0,10,0,63.8,78.7,0.0
2026-08-19,2,Screener,34,34,28,3,1,0,2,0,82.4,91.2,0.0
2026-08-19,3,MPD,63,62,49,4,1,0,8,0,79.0,85.5,1.0
2026-08-19,3,Screener,36,36,28,3,2,0,3,0,77.8,86.1,0.0
2026-08-19,4,MPD,49,49,41,4,0,0,4,0,83.7,91.8,0.0
2026-08-19,4,Screener,22,22,19,1,0,0,2,0,86.4,90.9,0.0
2026-08-19,5,MPD,59,58,42,7,6,0,3,0,72.4,84.5,1.0
2026-08-19,5,Screener,28,28,20,3,1,0,4,0,71.4,82.1,0.0
2026-08-19,7,MPD,92,89,61,6,6,0,16,0,68.5,75.3,3.0
2026-08-19,7,Screener,38,36,30,0,2,0,4,0,83.3,83.3,2.0
2026-08-19,8,MPD,84,83,56,13,3,0,11,0,67.5,83.1,1.0
2026-08-19,8,Screener,38,37,28,6,0,0,3,0,75.7,91.9,1.0
2026-08-19,9,MPD,82,81,53,10,10,0,8,0,65.4,77.8,1.0
2026-08-19,9,Screener,39,38,25,3,3,0,7,0,65.8,73.7,1.0
2026-08-19,10,MPD,83,83,52,7,14,0,10,0,62.7,71.1,0.0
2026-08-19,10,Screener,41,40,25,3,8,0,4,0,62.5,70.0,1.0
2026-08-19,11,MPD,96,96,59,9,14,0,14,0,61.5,70.8,0.0
2026-08-19,11,Screener,60,59,39,6,7,0,7,1,66.1,76.3,0.0
2026-08-19,12,MPD,87,87,57,5,22,0,3,0,65.5,71.3,0.0
2026-08-19,12,Screener,50,50,33,4,11,0,2,0,66.0,74.0,0.0
2026-08-19,13,MPD,66,66,54,6,0,0,6,0,81.8,90.9,0.0
2026-08-19,14,MPD,77,77,36,13,18,0,10,0,46.8,63.6,0.0
2026-08-19,14,Screener,34,34,12,6,14,0,2,0,35.3,52.9,0.0
2026-08-19,15,MPD,73,73,19,27,19,1,7,0,26.0,63.0,0.0
2026-08-19,15,Screener,36,36,7,16,8,1,4,0,19.4,63.9,0.0
2026-08-19,1,MPD,67,67,59,3,2,0,3,0,88.1,92.5,0.0
2026-08-19,1,Screener,45,45,38,1,4,0,2,0,84.4,86.7,0.0
2026-08-19,2,MPD,47,47,42,2,3,0,0,0,89.4,93.6,0.0
2026-08-19,2,Screener,34,34,33,0,1,0,0,0,97.1,97.1,0.0
2026-08-19,3,MPD,63,62,57,2,3,0,0,0,91.9,95.2,1.0
2026-08-19,3,Screener,36,36,34,1,1,0,0,0,94.4,97.2,0.0
2026-08-19,4,MPD,49,49,47,1,0,0,1,0,95.9,98.0,0.0
2026-08-19,4,Screener,22,22,22,0,0,0,0,0,100.0,100.0,0.0
2026-08-19,5,MPD,59,58,57,0,1,0,0,0,98.3,98.3,1.0
2026-08-19,5,Screener,28,28,27,0,1,0,0,0,96.4,96.4,0.0
2026-08-19,7,MPD,92,89,73,7,6,0,3,0,82.0,89.9,3.0
2026-08-19,7,Screener,38,36,34,1,1,0,0,0,94.4,97.2,2.0
2026-08-19,8,MPD,84,83,69,7,5,0,2,0,83.1,91.6,1.0
2026-08-19,8,Screener,38,37,34,3,0,0,0,0,91.9,100.0,1.0
2026-08-19,9,MPD,82,81,68,3,7,0,3,0,84.0,87.7,1.0
2026-08-19,9,Screener,39,38,28,4,4,0,2,0,73.7,84.2,1.0
2026-08-19,10,MPD,83,83,56,11,14,0,2,0,67.5,80.7,0.0
2026-08-19,10,Screener,41,40,27,6,7,0,0,0,67.5,82.5,1.0
2026-08-19,11,MPD,96,96,66,12,16,0,2,0,68.8,81.2,0.0
2026-08-19,11,Screener,60,59,42,7,9,0,1,1,71.2,83.1,0.0
2026-08-19,12,MPD,87,87,57,9,19,0,2,0,65.5,75.9,0.0
2026-08-19,12,Screener,50,50,34,4,10,0,2,0,68.0,76.0,0.0
2026-08-19,13,MPD,66,66,49,11,0,0,6,0,74.2,90.9,0.0
2026-08-19,14,MPD,77,77,38,11,18,0,10,0,49.4,63.6,0.0
2026-08-19,14,Screener,34,34,12,6,14,0,2,0,35.3,52.9,0.0
2026-08-19,15,MPD,73,73,8,24,31,1,9,0,11.0,43.8,0.0
2026-08-19,15,Screener,36,36,2,7,21,1,5,0,5.6,25.0,0.0
